MID,sortino,alpha,sd,beta,sharpe,risk_level
1,0.32,2.24,9.39,0.01,0.24,3
2,1.33,1.53,0.72,0.56,1.1,1
3,3.44,2.67,10.58,0.67,1.42,5
4,2.18,-6.37,14.99,0.85,0.9,6
5,3.69,1.99,10.38,0.68,1.39,6
6,2.07,1.24,25.53,0.96,0.97,6
7,1.92,4.46,1.91,1.78,1.09,3
8,1.42,-,20.18,-,1.06,6
9,2.28,2.38,1.93,0.78,1.35,2
10,1.82,3.01,2.9,-0.95,1.47,4
11,2.42,9.37,21.12,0.83,1.53,6
12,3.78,5.04,15.77,0.85,1.58,6
13,1.78,3.02,3.22,0.91,1.02,3
14,2.21,-2.06,17.61,0.98,1.16,6
15,2.54,1.43,12.84,0.85,1.33,6
16,2.55,1.11,6.83,0.99,1.2,4
17,3.4,-1.46,16.6,0.96,1.27,6
18,2.81,3.73,1.14,1.37,1.66,2
19,3.24,-1.14,16.09,0.95,1.26,6
20,3.13,1.65,11.73,0.8,1.4,6
21,3.82,1.94,5.49,0.36,1.57,4
22,3.09,1.69,8.56,0.58,1.44,5
23,3.36,0.76,16.02,0.95,1.39,6
24,0.98,-,16.64,-,0.7,6
25,1.07,-0.57,13.89,0.97,0.45,5
26,0.71,1.09,3.35,0.73,0.57,3
27,0.88,1.69,3.29,1.51,0.64,3
28,3.73,3.33,14.93,0.79,1.43,6
29,3.3,4.38,22.52,0.85,1.4,6
30,1.28,-,13.99,-,0.81,6
31,2.45,-1.93,16.3,0.87,1.14,6
32,5.28,1.49,0.39,0.8,1.06,3
33,4.76,3.33,0.97,1,2.05,3
34,2.43,-1.7,15.05,0.83,1.18,6
35,2.29,9.65,10.73,1.12,0.93,4
36,3.11,-0.81,16.52,0.89,1.54,6
37,4.58,3.06,0.68,1.31,1.94,3
38,3.42,-0.87,16.65,0.99,1.29,6
39,0.11,0.58,0.35,0.43,0.02,1
40,2.31,3.41,18.83,0.99,1.36,6
41,3.88,5.71,4.8,0.6,2.08,4
42,2.41,-5.61,14.94,0.84,0.94,6
43,2.34,-3.14,11.86,0.77,0.93,6
44,0.29,-2.04,2.99,0.34,0.13,4
45,0.22,0.09,2.19,1.09,0.18,3
46,4.23,2.64,0.76,0.86,1.96,3
47,3.7,4.91,2.05,1.27,1.57,3
48,3.11,-0.73,19.36,0.89,1.51,6
49,1.94,-7.68,15.31,0.87,0.83,6
50,1.77,1.88,2.06,0.8,1.02,4
51,1.47,1.41,0.68,0.44,1.21,1
52,2.26,-1.23,8.09,0.53,1.05,6
53,2.78,3.83,1.5,1.62,1.11,3
54,1.81,-5.97,15.76,0.89,0.9,6
55,2.34,-1.6,12.97,0.86,1.1,6
56,2.88,2.46,2.06,0.67,1.28,3
57,1.97,3.22,1.62,0.26,1.77,4
58,0.61,1.2,3.83,1.84,0.45,3
59,2.37,-1.88,13,0.87,1.09,6
60,2.39,0.66,7.52,1.16,1.19,4
61,1.77,-5.98,16.19,0.89,0.92,6
62,-,-,-,-,-,2
63,1.44,-10.67,18.84,1.04,0.74,6
64,7.27,5.29,-,2.36,2.19,2
65,-,-,-,-,-,3
66,1.15,1.09,2.87,0.56,0.6,3
67,1.07,-0.04,13.9,0.97,0.49,5
68,2.64,1.19,17.3,0.91,1.28,6
69,4.54,1.41,0.38,0.78,0.96,2
70,1.45,-9.98,18.65,1.02,0.75,6
71,2.98,-2.25,15.37,0.81,1.4,6
72,4.81,2.81,0.62,1.22,1.91,2
73,2.93,-1.76,16.66,0.99,1.24,6
74,0.49,0.62,0.35,0.44,0.09,1
75,2.42,1.34,4.69,0.71,1.37,4
76,1.58,-4.95,13.43,0.85,0.79,6
77,1.84,-0.04,5.69,0.83,1.04,5
78,1.56,-4.49,13.03,0.78,0.76,6
79,2.78,4.6,1.61,1.78,1.38,3
80,3.9,8.34,14.71,0.66,2.06,6
81,2.27,2.56,1.89,0.7,1.46,4
82,3.73,3.09,0.87,1.17,1.75,2
83,2.35,-2.21,13.44,0.91,1.08,6
84,4.47,2.29,0.53,0.81,2.25,3
85,2.27,0.73,6.59,0.43,1.31,5
86,0.9,9.78,3.98,5.4,0.64,3
87,-1.14,0.24,0.6,0.52,-0.78,1
88,1.81,-1.05,11.04,0.54,0.81,6
89,4.71,6.44,11.85,0.64,0.93,3
90,0.91,-13.36,77.72,-31.86,0.38,4
91,2.66,1.7,15.55,0.88,1.4,6
92,4.06,1.38,0.38,0.76,0.92,2
93,3.23,12.2,16.3,0.54,1.8,6
94,2.56,10.87,15.51,0.75,1.59,6
95,2.64,3.13,17.03,0.87,1.38,6
96,2.65,2.58,16.94,0.87,1.36,6
97,1.92,0.76,0.34,0.47,0.39,1
98,0.76,3.58,11.44,-0.99,0.43,2
99,4.16,8.58,18.44,0.81,1.93,6
100,2.88,3.48,16.3,0.89,1.5,6
101,2.16,2.06,0.52,1.12,1.07,3
102,2.79,1.88,11.77,0.79,1.39,6
103,0.99,1.39,0.71,0.59,0.85,1
104,3.41,2.61,10.57,0.7,1.46,6
105,-,-,-,-,-,2
106,1.77,-2.87,22.87,0.89,0.82,6
107,2.74,0.64,3.7,0.58,1.29,4
108,0.63,0.69,2.22,0.9,0.43,2
109,1.9,1.72,5.8,-3.29,1.06,4
110,0.56,0.91,2.65,1.36,0.49,3
111,2.92,-0.94,14.42,0.83,1.29,6
112,2.42,0.25,4.91,0.73,1.12,4
113,2.96,-1.21,14.73,0.85,1.27,6
114,0.34,0.07,2.89,0.66,0.28,3
115,3.08,2.41,13.62,0.71,1.38,6
116,2.71,-0.18,14.57,0.86,1.32,6
117,4.11,1.32,0.38,0.72,0.93,2
118,2.55,3.17,0.96,1.28,1.51,3
119,0.42,0.42,2.34,1.16,0.32,3
120,3.35,1.31,15.92,0.86,1.67,6
121,0.91,1.72,0.46,1.15,0.38,2
122,3.05,2.11,16.27,0.9,1.44,6
123,0.32,0.62,0.34,0.45,0.05,1
124,1.23,3.6,1.75,1.55,0.88,3
125,3.14,2.59,0.53,1.24,1.77,2
126,-,-,-,-,-,2
127,3.07,0.16,14.97,0.89,1.35,6
128,3.41,2.59,3.98,0.6,1.74,4
129,3.47,4.63,14.66,0.74,1.48,6
130,1.35,1.33,1.81,0.77,0.85,2
131,0.64,0.74,2.17,1.02,0.47,3
132,3.36,2.48,15.69,0.89,1.47,6
133,3.25,1.49,11.27,0.78,1.4,6
134,3.08,2.7,15.37,0.87,1.51,6
135,2.84,0.32,14.9,0.87,1.39,6
136,0.55,0.47,2.52,0.55,0.43,3
137,0.69,0.87,2.74,1.32,0.45,3
138,3.99,10.9,16.53,0.59,1.8,6
139,3.04,1.07,0.39,0.66,0.47,2
140,0.03,0.61,0.34,0.45,0,1
141,2.24,2.64,0.77,1.33,1.12,2
142,1.68,3.98,1.59,1.95,0.87,2
143,4.62,12.23,17.75,0.79,2.17,6
144,2.11,1.82,0.51,1.04,0.84,2
145,1.08,1.45,0.72,0.64,0.82,1
146,1.59,4.78,1.87,2.4,0.84,2
147,0.98,1.17,2.36,1.02,0.62,3
148,0.59,0.76,2.16,0.73,0.45,3
149,1.23,2.84,4.32,0.26,0.58,4
150,2.7,-0.92,8.62,0.53,1.03,5
151,2.7,0.51,12.7,0.83,1.25,6
152,2.87,1.89,16.6,0.93,1.4,6
153,3.55,4.83,6.37,0.88,1.75,4
154,2.56,-1.47,16.67,0.93,1.23,6
155,-,-,-,-,-,2
156,2.4,-2.77,16.44,0.9,1.11,6
157,1.15,-,10.88,-,0.67,6
158,0.93,1.15,2.85,0.62,0.64,3
159,2.42,6.84,17.83,0.78,1.19,6
160,3.58,10.78,17.58,0.64,1.78,6
161,4.19,1.29,0.37,0.73,0.83,3
162,3.06,2.97,0.83,1.35,1.4,2
163,2.26,-6.18,15.81,0.85,1.2,6
164,2.31,21.48,23.46,0.43,1.39,6
165,3.22,3.52,17.4,1.01,1.51,6
166,3.43,-0.76,16.67,0.99,1.3,6
167,1.68,-4.59,17.93,0.97,0.97,6
168,0.73,0.67,0.34,0.47,0.12,1
169,2.68,2.26,4.28,0.61,1.55,3
170,1.82,3.15,0.81,1.65,1.15,3
171,1.75,4.96,1.67,2.51,0.96,2
172,3.38,4.28,18.67,0.86,1.78,6
173,0.48,0.84,3,1.36,0.41,2
174,3.19,2.57,16.3,0.94,1.51,6
175,2.98,-1.79,15.88,0.91,1.18,6
176,3.54,2.39,0.52,1.19,1.54,2
177,1.95,-,16.4,-,1.1,6
178,1.11,-,36.51,-,0.4,6
179,1.68,-,28.33,-,1.08,6
180,3.83,5.57,11.66,0.79,1.72,6
181,1.61,1.78,0.72,0.63,1.31,1
182,3.31,2.1,9.71,0.67,1.48,6
183,0.78,6.29,3.68,3.18,0.55,3
184,3.22,2.41,5.29,0.79,1.53,4
185,1.64,-,19.12,-,0.93,6
186,3.41,1.91,16.02,0.92,1.46,6
187,1.63,1.77,2.77,0.61,0.88,3
188,0.6,-,25.75,-,0.3,6
189,3.56,2.77,15.87,0.9,1.47,6
190,3.25,0.95,15.71,0.93,1.4,6
191,6.74,1.47,0.38,0.8,1.08,3
192,3.18,0.61,15.73,0.9,1.39,6
193,3.85,2.21,17.63,0.96,1.73,6
194,2.05,2.56,0.6,1.45,1.03,2
195,0.08,0.63,0.33,0.47,0.01,1
196,1.63,0.04,17.77,0.83,1.09,6
197,4.17,8.58,17.99,0.81,1.98,6
198,2.17,-,16.38,-,1.03,6
199,3.18,8.05,19.06,0.71,1.6,6
200,1.06,3.72,1.74,1.87,0.7,2
201,2.72,0.71,16.83,0.92,1.28,6
202,1.65,1.68,1.8,0.56,1.02,2
203,2.98,1.26,3.89,0.59,1.42,4
204,1.87,8.57,10.19,0.3,1.39,4
205,3.41,2.99,17.49,0.96,1.43,6
206,3.24,3.49,12.1,0.8,1.51,6
207,3.01,3.39,6.61,0.94,1.53,3
208,0.95,-,23.08,-,0.5,6
209,3.27,4.83,16.63,0.93,1.6,6
210,2.6,2.33,0.84,0.75,1.58,2
211,3.17,3.6,18.62,0.98,1.43,6
212,0.04,-0.49,2.35,0.52,0.04,3
213,4.44,1.34,0.38,0.74,0.9,2
214,0.34,5.14,12.82,-0.01,0.39,4
215,3.44,-0.79,16.58,0.99,1.3,6
216,3.45,4.7,16.65,0.92,1.58,6
217,-0.89,0.49,0.35,0.41,-0.18,1
218,3.06,-4.41,17.67,0.96,1.36,6
219,3.34,2.67,0.63,1.29,1.5,2
220,3.36,7.03,17.83,0.81,1.91,6
221,3.21,2.88,16.91,0.95,1.49,6
222,1.91,3.66,19.22,0.73,1.24,6
223,0.99,1.24,0.7,0.5,0.82,1
224,3.38,7.38,14.82,0.88,1.6,6
225,1.74,3.4,2.02,1.06,0.98,2
226,3.26,3.69,16.41,0.95,1.53,6
227,4.11,7.62,11.58,0.76,1.87,6
228,1.59,1.91,2.19,0.94,0.99,3
229,1.5,2.63,2.56,-0.52,1.3,4
230,2.3,2.71,3.62,0.55,0.79,3
231,4.11,6.38,9.63,0.6,1.8,5
232,3.67,4.42,7.09,0.98,1.61,4
233,3.4,5.15,18.4,1,1.56,6
234,3.33,3.39,1.24,0.9,1.76,3
235,3.93,7.78,17.19,0.92,1.71,6
236,0.43,0.23,2.78,0.64,0.34,3
237,1.03,-0.5,14.19,1.01,0.47,5
238,2.5,0.23,19.34,1,1.23,6
239,3.46,3.73,4.97,0.69,1.74,4
240,3.42,4.86,13.03,0.87,1.6,6
241,0.43,0.51,2.53,1.28,0.34,3
242,3.48,-0.64,16.76,1,1.31,6
243,3.24,-1.01,17.02,1.01,1.28,6
244,3.12,2.65,23.69,0.88,1.3,6
245,3.56,4.97,17.78,0.98,1.55,6
246,3.68,1.34,0.38,0.78,0.79,2
247,3.31,2.82,1.11,0.67,1.73,2
248,1.34,2.14,2.33,0.78,1.01,4
249,3.64,2.45,16.86,0.93,1.77,6
250,4.85,3.08,0.69,1.33,1.89,3
251,4.21,5.06,11.41,0.72,1.6,6
252,-0.53,0.53,0.35,0.42,-0.09,1
253,4.32,9.26,15.16,0.85,1.92,6
254,3.27,3.03,3.23,0.43,1.88,6
255,4.39,6.37,11.43,0.73,1.74,4
256,2.33,4.24,1.87,1.45,1.23,3
257,3.75,6.54,19.61,0.91,1.88,6
258,3.71,4.47,15.3,0.88,1.64,6
259,3.3,1.75,17.08,0.97,1.39,6
260,4.46,2.7,0.64,1.1,1.93,3
261,2.41,0.57,12.27,0.81,1.26,6
262,1.54,1.63,0.7,0.63,1.12,1
263,0.87,-,17.08,-,0.48,6
264,2.95,0.89,7.21,0.45,1.27,4
265,0.64,5.62,2.39,3.36,0.47,3
266,3.13,2.69,17.41,0.97,1.46,6
267,2.3,0.76,4.75,0.74,1.28,4
268,0.44,0.67,2.47,1.09,0.39,2
269,0.67,1.19,3.55,1.68,0.47,3
270,0.33,-1.87,3.73,-2.39,0.35,4
271,0.44,0.67,2.47,1.09,0.39,3
272,2.8,-0.03,16.03,0.91,1.33,6
273,2.41,0.57,12.27,0.81,1.26,6
274,4.47,5.57,6.24,0.85,1.86,3
275,2.92,0.36,16.25,0.94,1.38,6
276,0.44,0.67,2.47,1.09,0.39,3
277,0.49,0.51,2.94,0.64,0.41,3
278,3.69,10.03,16.32,0.6,1.78,6
279,3.02,1.39,15.85,0.91,1.4,6
280,2.6,-2.34,16.62,0.97,1.18,6
281,4.42,1.38,0.38,0.77,0.91,2
282,0.63,0.3,2.32,-0.78,0.58,2
283,0.86,-1.07,4.45,0.49,0.55,3
284,3.05,1.87,13.16,0.9,1.4,6
285,2.81,0.67,10.91,0.74,1.31,5
286,0.84,1.93,2.78,0.67,0.76,3
287,0.11,-0.16,3.1,1.54,0.09,3
288,3.33,-1.16,14.76,0.8,1.53,6
289,2.45,2.43,0.61,1.31,1.12,2
290,0.92,0.65,0.34,0.44,0.16,1
291,1.18,4.85,1.72,2.63,0.78,2
292,4.16,9.87,17.95,0.82,2.08,6
293,3.05,-1.65,16.52,0.96,1.26,6
294,3.5,2.48,0.54,1.17,1.69,2
295,3.18,6.92,17.01,0.96,1.69,6
296,2.39,2.84,2.25,0.98,1.38,3
297,5.89,7.45,8.68,0.53,1.99,4
298,5.59,5.34,8.33,0.54,1.84,5
299,2.23,3.74,23.41,0.87,1.06,6
300,2.64,4.03,1.75,1.21,1.37,2
301,2.76,9.68,20.2,0.88,1.47,6
302,3.37,4.95,11.73,0.6,1.6,6
303,3.59,3.05,15.23,0.9,1.53,6
304,1.2,1.58,2.69,1.26,0.72,3
305,2.86,2.18,11.15,0.74,1.42,6
306,3.07,2.35,1.67,0.68,1.52,2
307,3.18,3.97,1.59,0.42,2.15,4
308,3.01,2.07,1.61,0.53,1.38,3
309,5.06,10.39,15.42,0.83,1.94,6
310,4.15,9.56,14.26,0.84,1.75,6
311,1.27,1.59,0.75,0.63,0.99,1
312,5.26,4.82,4.82,0.57,1.84,2
313,4.35,6.7,14.06,0.78,1.78,6
314,2.75,3.22,1.77,0.47,1.46,2
315,3.73,7.44,11.56,0.47,1.61,6
316,3.27,4.86,15.84,0.89,1.62,6
317,1.22,1.87,3.2,0.69,0.82,3
318,1.69,-,13.7,-,0.9,6
319,5.43,5.75,3.85,0.47,2.37,3
320,3.95,6.83,15.57,0.84,1.71,6
321,3.51,9.93,19.93,0.99,1.67,6
322,4.04,11.76,20.09,0.78,1.83,6
323,3.99,7.49,17.05,0.92,1.68,6
324,4.39,1.39,0.38,0.78,0.94,3
325,0.06,6.9,4.06,5.04,0.04,6
326,3.33,0.78,16.64,0.95,1.39,6
327,3.44,7.67,17.45,0.94,1.71,6
328,1.69,2.74,2.28,0.69,1.29,4
329,3.32,0.33,17.76,0.96,1.62,6
330,4.38,2.82,0.67,1.25,1.72,3
331,3.99,10.44,13.67,0.81,1.85,6
332,3.31,3.09,16.79,0.94,1.49,6
333,3.46,-0.72,16.8,1,1.3,6
334,1.7,-4.7,18.11,0.98,0.97,6
335,-0.25,0.54,0.35,0.42,-0.05,1
336,2.68,3.7,21.09,0.96,1.03,6
337,3.11,1.99,14.83,0.84,1.46,6
338,1.1,-0.21,14,0.99,0.49,5
339,3.57,3.21,3.41,0.5,2,4
340,2.78,2.63,11.88,0.78,1.44,6
341,2.43,1.02,4.45,0.64,1.26,6
342,2.16,2.1,2.28,0.93,1.04,4
343,3.51,8.42,15.15,0.75,1.71,3
344,3.24,-1.12,16.97,1,1.27,6
345,2.65,3,1.3,0.87,1.41,2
346,3.78,4.86,1.7,1.42,1.75,3
347,4.72,8.49,18.41,0.82,1.94,6
348,2.41,9.3,23.4,0.92,1.48,6
349,4.13,6.63,18.22,0.98,1.63,6
350,4.76,2.36,0.68,0.54,2.4,3
351,1.69,-,19.18,-,0.88,6
352,4.4,11.82,14.61,0.8,2.04,6
353,1.99,-1.2,22.62,0.86,0.88,6
354,3.09,3.08,6.23,-2.49,1.03,4
355,2.79,1.29,14.28,0.81,1.43,6
356,2.4,-1.93,14.59,0.8,1.15,6
357,2.48,0.39,7.12,1.05,1.11,4
358,3.11,-0.57,16.02,0.94,1.29,6
359,0.82,-0.02,16.54,1,0.42,5
360,1.57,-3.1,20.52,0.95,0.71,6
361,2.66,-0.86,11.4,0.78,1.18,6
362,2.94,0.51,15.82,0.93,1.36,6
363,5.73,1.43,0.36,0.75,1.19,2
364,2.89,1.21,16.51,0.94,1.36,6
365,2.57,-5.96,17.76,0.97,1.27,6
366,3.47,-0.9,16.78,1,1.29,6
367,1.71,-4.78,18.03,0.98,0.96,6
368,3.22,3.82,5,-0.57,0.92,2
369,4.09,8.16,16.34,0.71,1.95,6
370,1.68,1.14,0.72,0.15,1.29,2
371,1.63,1.61,1.86,0.6,0.96,3
372,3.39,3.78,16.2,0.91,1.56,6
373,0.19,0.87,0.39,0.64,0.04,3
374,-1.04,0.18,0.67,0.54,-0.82,1
375,2.23,-3.4,16.22,0.94,1.1,6
376,0.99,0.95,2.04,0.84,0.58,3
377,2.77,0.47,12.71,0.87,1.29,5
378,1.28,0.95,0.36,0.63,0.28,2
379,-1.77,0.4,0.33,0.39,-0.36,1
380,1.15,4.88,1.55,2.83,0.7,3
381,2.52,-2.36,15.09,0.88,1.21,6
382,2.9,-0.23,16.23,0.92,1.27,6
383,1.58,-,17.74,-,1.01,6
384,2.16,1.77,0.71,0.53,1.5,1
385,0.33,4.59,3.47,2.79,0.25,3
386,3.5,2.27,16.24,0.94,1.45,6
387,1.56,1.51,1.86,0.67,0.91,2
388,2.95,9.17,2.89,4.76,0.97,2
389,2.84,0.76,9.2,0.59,1.27,6
390,2.71,1.1,10.94,0.71,1.29,6
391,1.9,0.17,5.58,0.82,1.08,4
392,2.16,1.74,21.36,0.8,1,6
393,0.08,-0.44,2.51,0.54,0.06,2
394,1.22,0.29,14.79,1.03,0.51,5
395,2.85,0.23,15.03,0.84,1.3,6
396,3.6,8.67,17.74,0.61,1.59,6
397,2.62,-0.23,16.09,0.92,1.28,6
398,4.13,1.31,0.37,0.75,0.83,2
399,-,-,-,-,-,3
400,3.31,-0.38,15.97,0.86,1.56,6
401,1.82,3.07,0.8,1.61,1.14,2
402,2.86,2.38,16.67,0.91,1.43,6
403,-0.3,0.55,0.35,0.42,-0.06,1
404,2.73,3.08,18.45,0.66,1.19,6
405,1.31,4.41,1.93,2.19,0.76,2
406,3.38,3.51,18.25,0.82,1.7,6
407,2.21,-2.63,16.3,0.94,1.19,6
408,2.9,2.95,0.93,1.27,1.34,2
409,3.4,2.51,0.57,1.2,1.59,2
410,-1.02,-0.04,0.65,0.31,-0.71,1
411,2.56,-0.95,11.13,0.59,0.88,6
412,-,-,-,-,-,2
413,-,-,-,-,-,2
414,-0.02,0.63,0.37,0.47,0,1
415,3.29,0.26,15.59,0.86,1.31,6
416,-1.11,0.48,0.34,0.42,-0.22,1
417,2.41,-4.78,21.23,0.95,1.27,6
418,-,-,-,-,-,2
419,-0.31,0.56,0.72,0.55,-0.23,1
420,1.64,1.34,1.61,0.65,0.95,2
421,3.79,5.95,17.44,1,1.4,6
422,3.67,1.75,16.28,0.9,1.4,6
423,2.5,-2.98,16.71,0.93,1.08,6
424,2.94,-0.69,12.03,0.67,1.2,6
425,3.82,1.22,0.36,0.68,0.86,2
426,12.57,9.03,11.61,1.19,0.64,2
427,0.28,0.23,3.03,1.39,0.2,3
428,2.94,0.39,16.56,0.93,1.35,6
429,3.94,4.56,16.13,0.89,1.53,6
430,4.01,3.56,8.76,0.56,1.59,6
431,1.87,4.03,2.03,1.45,1.03,3
432,3.48,1.75,15.3,0.91,1.45,6
433,1.89,4.73,1.76,2.06,1.12,3
434,0.72,1.47,3.19,1.57,0.6,2
435,2.25,1.73,1.54,0.59,1.23,2
436,0.42,0.82,2.92,-0.4,0.47,5
437,3.44,4.79,4.73,0.7,2.06,4
438,1,1.66,2.95,1.32,0.69,3
439,3.73,3.18,16.42,0.9,1.82,6
440,1.46,1.66,0.75,0.54,1.26,1
441,3.89,7.32,11.76,0.79,1.86,6
442,3.43,4.72,14.62,0.84,1.64,6
443,4.22,4.5,5.64,0.79,1.8,4
444,2.7,0.11,15.22,0.88,1.37,6
445,1.86,3.79,2.35,1.03,1.02,2
446,2.85,1.39,15.69,0.9,1.44,6
447,0.81,1.3,3.24,0.7,0.64,2
448,0.81,1.3,3.23,0.7,0.64,2
449,1.08,-0.32,13.51,0.97,0.48,5
450,3.35,4.24,15.95,0.92,1.57,6
451,3.71,7.67,17.23,0.95,1.75,6
452,4.55,14.15,16.65,0.6,2,6
453,3.68,1.33,0.38,0.76,0.85,3
454,2.67,2.9,1.3,0.78,1.43,3
455,0.71,2.04,3.41,0.79,0.66,3
456,4.43,2.59,0.51,1.2,1.92,3
457,4.33,8.04,10.99,0.7,1.91,5
458,-0.1,0.56,0.35,0.42,-0.02,1
459,4.14,2.57,0.58,1.12,1.85,3
460,4.06,8.99,18.26,0.81,1.98,6
461,3.36,4.69,14.44,0.83,1.68,6
462,-,-,-,-,-,6
463,2.6,-2.34,16.62,0.97,1.18,6
464,0.67,1.23,0.78,0.6,0.55,1
465,2.19,0.9,22.14,0.85,0.97,6
466,1.49,3.94,1.53,2.05,0.78,2
467,0.32,0.23,2.6,1.24,0.22,3
468,2.54,-3.65,13.05,0.9,0.99,6
469,2.11,-0.54,4.14,0.61,0.92,4
470,2.26,-2.85,11.49,0.77,0.99,6
471,2.15,-4.31,14.27,0.8,1.02,6
472,0.51,0.27,2.23,0.45,0.35,2
473,3.89,7.11,16.12,0.57,1.56,6
474,2.59,0.78,14.89,0.84,1.34,6
475,2.37,-3.35,15.42,0.88,1.08,6
476,4.72,1.33,0.37,0.73,0.97,3
477,3.44,-0.85,16.75,1,1.3,6
478,0.11,0.57,0.35,0.42,0.02,1
479,3.4,-1.81,16.89,1,1.23,6
480,4.54,2.95,1.02,1.01,1.57,2
481,1.26,4.66,1.61,2.57,0.76,3
482,2.55,-0.72,14.61,0.81,1.25,6
483,1.98,1.33,0.39,0.75,0.85,1
484,3.57,4.52,12.44,0.85,1.62,6
485,2.76,0.66,14.14,0.77,1.33,6
486,-0.01,-0.19,1.7,0.65,-0.01,3
487,3.64,2.66,16.21,0.94,1.53,6
488,3.1,3.84,8.16,1.24,1.56,4
489,3.07,4.98,15.69,0.88,1.61,6
490,2.71,-1.04,15.36,0.9,1.25,6
491,5.26,1.41,0.37,0.74,1.15,3
492,3.11,2.67,0.76,1.07,1.63,3
493,2.99,-0.01,16.69,0.89,1.57,6
494,2.87,4.41,17.39,0.98,1.58,6
495,0.52,0.61,0.34,0.43,0.1,1
496,-,-,-,-,-,3
497,3.72,2.38,0.56,1.05,1.74,2
498,-,-,-,-,-,2
499,6.12,1.3,0.37,0.7,1,2
500,-,-,-,-,-,2
501,0.22,0.15,2.49,1.14,0.19,3
502,3.42,3.14,16.51,0.95,1.51,6
503,4.03,4.3,7.17,1.06,1.66,4
504,3.4,2.4,16.34,0.92,1.47,6
505,3.41,6.38,13.39,0.7,1.68,6
506,2.23,2.95,21.5,0.99,1,6
507,3.27,1.95,12.26,0.84,1.42,6
508,3.55,0.41,15.64,0.92,1.36,6
509,3.44,2.67,16.86,0.92,1.76,6
510,-,-,-,-,-,2
511,1.26,0.67,0.34,0.45,0.2,1
512,3.29,2.65,0.86,1.03,1.47,2
513,1.74,4.26,1.46,2.04,1.05,2
514,3.73,2.58,16.81,0.98,1.52,6
515,-,-,-,-,-,2
516,1.13,-4.94,10.32,0.62,0.62,6
517,2.63,-1.13,11.94,0.82,1.16,6
518,1.98,-6.29,15.5,0.86,0.9,6
519,2.1,-4.81,16.36,0.94,1.01,6
520,3.17,5.27,15.94,0.85,1.55,6
521,-0.39,0.88,0.35,0.68,-0.08,2
522,3.01,1.02,15.9,0.88,1.36,6
523,3.72,7.69,15.34,0.77,1.98,6
524,1.18,-,22.3,-,0.77,6
525,3.48,-0.6,16.66,0.99,1.31,6
526,3.05,-0.81,16.62,0.99,1.34,6
527,2.02,0,25.4,1,0.95,6
528,3.32,-1.33,18.42,1.03,1.58,6
529,1.67,-4.95,18,0.98,0.95,6
530,2.88,-1.24,21.03,0.99,1.52,6
531,-0.2,1.32,0.39,1.01,-0.09,1
532,3.29,0.91,15.51,0.89,1.41,6
533,-,-,-,-,-,6
534,2.72,1.73,11.25,0.77,1.41,6
535,3.29,0.91,15.51,0.89,1.41,6
536,3.12,5.26,15.37,0.85,1.61,6
537,3.12,5.26,15.37,0.85,1.61,6
538,2.69,1.01,3.3,0.5,1.38,4
539,2.45,1.07,0.36,0.59,0.79,2
540,1.67,1.74,0.7,0.61,1.31,1
541,3.76,3.1,8.53,0.56,1.58,5
542,1.84,5.1,1.92,2.27,1.08,3
543,2.22,6.01,24.98,0.93,1.15,6
544,4.22,8.77,14.85,0.76,1.76,6
545,2.64,2.14,1.41,0.47,1.61,3
546,3.84,6.08,3.87,0.9,1.26,5
547,0.46,0.97,4.28,2,0.36,3
548,3.57,4.96,12.52,0.83,1.62,5
549,3.22,2.71,6.41,0.89,1.41,2
550,2.66,4.77,1.72,1.84,1.34,3
551,3.5,2.01,20.2,1.12,1.4,6
552,1.03,-0.52,14.76,1.04,0.46,5
553,3.62,2.25,16.8,0.91,1.74,6
554,0.57,0.57,2.98,0.69,0.45,2
555,4.19,3.09,2.5,0.33,2.17,6
556,0.6,1.14,3.05,1.43,0.5,2
557,3.23,-1.01,16.9,1,1.28,6
558,3.33,-1.48,16.64,0.99,1.26,6
559,3.01,2.97,17.74,1,1.44,6
560,4.53,1.5,0.39,0.83,1.01,2
561,2.8,2.56,0.98,0.58,1.82,2
562,5.44,2.79,0.56,1.21,2.11,3
563,3.33,6.54,19.22,0.99,1.55,6
564,1.75,-4.27,18.26,0.99,0.99,6
565,0.4,0.63,0.35,0.46,0.07,1
566,2.09,2.71,20.6,0.95,0.99,6
567,3.52,9.72,19.09,0.7,1.67,6
568,2.91,2.11,14.96,0.84,1.47,6
569,1.38,-0.72,4.79,0.61,0.76,4
570,3.35,-0.56,16.26,0.95,1.34,6
571,2.42,4.95,1.6,1.94,1.47,3
572,4.2,10.01,19.31,0.89,2.06,6
573,2.12,4.14,8.43,0.16,0.5,6
574,2.75,0.53,17.25,0.98,1.37,6
575,1.33,-,19.57,-,0.67,6
576,3.13,3.47,1.79,0.53,1.54,3
577,3.34,4.25,16.97,0.97,1.54,6
578,3.41,2.62,15.86,0.91,1.48,6
579,3.06,10.65,14.53,0.7,1.86,6
580,0.59,0.87,0.34,0.62,0.13,2
581,4.17,12.64,12.88,0.62,2.11,6
582,0.85,1.06,0.7,0.41,0.73,1
583,2.06,3.87,1.73,1.62,0.99,2
584,2.99,1.95,1.74,0.58,1.21,2
585,0.89,1.08,1.93,0.85,0.68,2
586,3.32,4.67,16.01,0.92,1.64,6
587,4.61,4.09,4.51,0.6,1.86,2
588,3.13,5.27,17.81,0.99,1.6,6
589,1.01,-,25.79,-,0.55,6
590,0.74,0.65,2.16,0.47,0.54,3
591,2.6,2.02,12.12,0.78,1.35,6
592,2.87,-0.62,15.14,0.89,1.28,6
593,4.88,1.42,0.38,0.76,1.07,2
594,0.05,0.46,1.43,0.27,0.07,2
595,4.61,6.9,18.52,0.97,1.92,6
596,5.23,2.48,0.5,1.14,1.92,2
597,0.95,0.67,0.33,0.46,0.16,1
598,2.05,3.73,1.49,1.62,1.04,2
599,4.43,2.45,0.53,1.08,1.9,2
600,3.75,16.98,14.41,0.73,2.12,6
601,3.33,13.82,19.65,0.97,1.87,6
602,3.65,15.93,19.16,0.91,1.94,6
603,3.14,8.6,17.34,0.85,1.61,6
604,3.44,27.24,19.24,0.53,2.3,6
605,3.12,6.57,17.72,0.88,1.51,6
606,8.6,1.58,0.27,0.47,3.52,2
607,3.58,11.21,18.73,0.86,1.95,6
608,3.23,19.52,18.63,0.75,1.79,6
609,3.71,19.16,24.75,0.99,2.11,6
610,3.5,17.63,19.74,0.96,2.03,6
611,1.05,0.93,1.77,0.83,0.66,3
612,3.01,-0.78,14.75,0.86,1.32,6
613,0.98,-0.98,13.78,0.99,0.44,5
614,0.92,0.94,0.36,0.65,0.19,1
615,3,2.04,15.72,0.9,1.42,6
616,3.12,0.61,6.73,0.42,1.24,4
617,3.04,1.68,15.47,0.88,1.44,6
618,0.93,1.18,0.76,0.45,0.77,1
619,1.98,0.4,22.28,0.85,0.95,6
620,1.17,4.72,2.06,2.4,0.73,3
621,3.98,1.08,16.39,0.96,1.39,6
622,4.24,5.19,4.11,0.56,2.23,5
623,3.65,10.04,15.53,0.76,1.77,6
624,4.43,15.26,16.56,0.89,2.13,6
625,1.54,1.51,1.88,0.75,0.92,2
626,2.05,2.96,1.82,0.17,1.5,5
627,0.88,1.34,2.49,1.06,0.66,3
628,2.77,0.1,11.8,0.79,1.25,6
629,3.09,2.72,14.84,0.81,1.47,6
630,3.49,2.91,6.94,1.02,1.47,4
631,3.25,0.62,15.31,0.88,1.4,6
632,-,-,-,-,-,2
633,1,9.3,3.62,5.09,0.69,3
634,2.61,-0.62,15.84,0.81,1.17,6
635,0.95,-0.94,13.62,0.98,0.44,6
636,2.12,4.45,19.03,0.87,1.09,6
637,4,10.52,16.14,0.57,1.79,6
638,3.24,6.49,16.04,0.89,1.67,6
639,4.07,1.35,0.38,0.76,0.88,2
640,3.93,12.2,18.27,0.87,1.79,4
641,3.71,10.16,15.74,0.83,1.9,4
642,3.76,9.72,15.74,0.83,1.85,4
643,3.69,10.17,15.98,0.84,1.87,4
644,3.73,4.52,15.18,0.84,1.61,4
645,3.18,-0.17,15.54,0.88,1.32,4
646,3.21,3.78,15.64,0.9,1.59,6
647,3.92,6.29,6.03,0.57,1.72,4
648,2.37,1.41,21.13,1.06,1.24,6
649,2.88,-0.26,15.89,0.92,1.29,6
650,1.1,1.45,2.66,0.53,0.77,3
651,2.42,3.66,13.28,0.64,1.42,6
652,1.56,1.92,2.35,1.04,0.94,4
653,3.47,3.11,0.8,1.37,1.58,3
654,2.05,2.34,2.19,0.87,1.18,4
655,3.93,5.5,17.15,0.91,1.89,6
656,3.14,2.47,0.58,1.2,1.49,2
657,2.98,2.18,8.2,0.48,1.35,6
658,3.47,-0.69,16.8,1,1.31,6
659,-0.25,0.56,0.35,0.43,-0.05,1
660,2.32,-0.18,19.98,0.78,1.1,6
661,4.1,2.73,0.59,1.19,1.93,3
662,1.57,5,1.7,2.44,1.02,2
663,4.07,6.48,16.81,0.75,1.88,6
664,4.1,9.96,16.07,0.84,1.85,4
665,2.36,8.38,19.71,0.77,1.51,6
666,2.42,-0.22,7.82,0.53,1.22,6
667,2.74,-2.52,14.68,0.85,1.19,6
668,2.79,-1.5,11.64,0.81,1.16,6
669,2.37,-3.01,14.39,0.83,1.14,6
670,4.11,2.31,11.63,0.8,1.46,5
671,0.48,0.75,0.7,0.39,0.33,2
672,3.24,2.13,7.66,0.51,1.51,4
673,0.73,3.49,1.35,2.13,0.48,2
674,3.32,0.56,14.69,0.8,1.28,6
675,2.14,1.84,1.74,0.58,1.15,2
676,3.43,2.48,5.16,0.62,1.33,3
677,3.5,0.65,15.5,0.9,1.41,6
678,4.03,2.79,13.93,0.8,1.55,6
679,4.45,8.84,19.13,0.86,1.97,2
680,4.29,7.54,18.88,0.85,1.9,4
681,4.56,8.3,19.15,0.86,1.93,6
682,4.27,8.43,18.61,0.84,1.95,6
683,3.95,6.51,17.13,0.76,1.86,6
684,3.24,2.5,6.14,0.94,1.5,3
685,2.35,2.92,22.98,0.89,1.06,6
686,2.47,-1.91,16.55,0.94,1.22,6
687,1.59,-,16.95,-,0.88,6
688,2.9,6.79,18.26,0.68,1.55,6
689,3.07,1.94,16.28,0.93,1.43,6
690,3.64,-0.51,15.44,0.91,1.3,6
691,4.89,1.36,0.38,0.74,0.98,2
692,3.93,1.44,4.28,-1.59,0.83,2
693,3.85,13.85,20.25,0.98,1.82,6
694,4.1,15.38,20.47,0.98,1.88,6
695,3.89,13.76,19.92,0.95,1.81,6
696,4.32,13.41,18.95,0.93,1.86,6
697,3.46,2.08,16.02,0.94,1.51,6
698,3.5,2.52,16.1,0.94,1.53,6
699,0.08,-0.16,2.44,1.03,0.05,3
700,3.74,-1.14,16.07,0.87,1.53,6
701,4.91,1.87,0.44,0.96,1.34,1
702,3.06,2.11,15.69,0.9,1.48,6
703,3.45,0.55,15.71,0.91,1.39,6
704,3.46,0.55,15.69,0.91,1.39,6
705,2.51,-0.45,16.99,0.98,1.27,6
706,-0.3,0.6,0.35,0.46,-0.05,2
707,3.44,4.81,16.55,0.92,1.6,6
708,2.28,2.16,4.82,-1.49,0.86,2
709,3.47,6.06,18.08,0.83,1.88,6
710,3.24,1.74,15.82,0.92,1.48,6
711,4.75,2.16,0.46,0.99,1.85,3
712,1.97,1.94,0.75,0.69,1.36,1
713,4.01,3.8,8.5,0.57,1.69,4
714,2.2,1.61,21.31,0.81,1,6
715,1.68,4.51,2.28,1.85,0.89,2
716,2.29,6.11,22.78,0.92,1.37,6
717,3.31,3.51,14.91,0.86,1.54,6
718,3.37,2.17,5.15,0.81,1.54,4
719,2.75,4.88,14.48,0.74,1.53,6
720,2.58,-1.52,13.88,0.79,1.23,6
721,-,-,-,-,-,2
722,3.06,1.14,16.67,0.96,1.43,6
723,0.31,0.07,2.99,0.66,0.27,2
724,3.25,2.77,12.35,0.84,1.47,6
725,2.78,1.38,13.88,0.73,1.31,6
726,2.41,2.68,18.72,0.86,1,6
727,3.36,0.43,16.24,0.94,1.39,6
728,3.52,9.44,17.14,0.63,1.73,6
729,3.47,2.58,16.57,0.94,1.46,6
730,3.05,0.45,16,0.94,1.35,6
731,4.25,1.42,0.38,0.8,0.93,2
732,3.3,0.16,15.94,0.87,1.61,6
733,4.59,2.92,0.65,1.18,2.05,3
734,3.45,-0.56,16.49,0.98,1.31,6
735,-1.59,0.47,0.35,0.43,-0.3,1
736,2.48,16.72,20.36,0.49,1.44,6
737,2.23,0.12,4.71,0.72,1.12,6
738,2.6,0.52,11.95,0.79,1.26,6
739,2.45,-1.98,14.02,0.79,1.19,4
740,3.2,-1.23,16.75,0.99,1.26,6
741,1.88,4.74,1.87,2.16,0.99,2
742,3.98,11.28,17.43,0.77,2.12,6
743,2.98,3.08,0.87,1.28,1.58,2
744,4.14,2.45,0.48,1.1,2.03,2
745,2.85,1.44,15.49,0.9,1.46,6
746,2.12,-0.23,22.57,0.87,0.93,6
747,2.28,-5.29,17.41,0.93,1.27,6
748,2.66,0.83,13.82,0.73,1.29,6
749,1.69,-4.83,16.22,0.91,1.02,6
750,2.68,3.64,16.22,0.56,1.32,6
751,1.64,-5.6,17.24,0.96,0.94,6
752,3.29,-0.33,16.42,0.98,1.33,6
753,2.62,2.15,13.7,0.76,1.47,6
754,3.87,13.72,13.41,0.7,2.26,6
755,3.73,10.68,18.7,0.98,1.76,6
756,-,-,-,-,-,3
757,-,-,-,-,-,2
758,-,-,-,-,-,2
759,0.98,1.51,0.73,0.79,0.63,1
760,4.24,1.73,9.99,0.64,1.36,3
761,1.07,1.1,2.21,0.85,0.6,2
762,0.05,-0.29,2.89,1.41,0.04,3
763,3,0.32,5.85,0.91,1.17,3
764,3.37,1.28,16.05,0.92,1.43,6
765,3.33,1.82,15.14,0.85,1.44,6
766,2.94,2.26,16.6,0.93,1.42,6
767,3.13,-1.55,16.41,0.97,1.24,6
768,5.48,1.4,0.38,0.76,1,2
769,3.97,2.09,15.89,0.92,1.49,6
770,-,-,-,-,-,3
771,-,-,-,-,-,2
772,-0.18,0.55,0.35,0.42,-0.04,1
773,3.63,5.81,17.48,0.75,1.77,6
774,4.01,2.11,17.21,0.99,1.43,6
775,1.45,1.42,0.68,0.5,1.11,1
776,3.32,1.2,3.44,-1.51,0.94,3
777,2.17,1.05,24.46,0.94,0.98,6
778,3.55,5.68,6.12,0.72,0.96,3
779,3,-0.7,16.2,0.94,0.95,6
780,3.56,4.97,17.02,0.96,1.58,6
781,1.7,1.63,2.06,0.74,0.89,2
782,0.68,0.94,10.47,-2.54,0.41,4
783,2.93,1.9,14.96,0.82,1.41,6
784,4.4,6.35,6.76,0.56,0.96,3
785,4.06,3.98,5.99,0.91,1.75,3
786,2.36,-2.88,17.47,0.97,1.14,6
787,3.07,3.41,1.05,1.41,1.45,2
788,0.55,0.47,2.8,0.55,0.38,3
789,1.99,1.12,20.55,0.94,0.91,6
790,3.63,5.77,12.55,0.84,1.69,6
791,2.29,-1.44,13.74,0.71,1.09,6
792,2.9,3.52,17.99,0.67,1.38,6
793,4.83,1.41,0.38,0.77,0.98,2
794,2.98,-0.52,16.16,0.92,1.31,6
795,3.28,-0.57,15.87,0.93,1.29,6
796,0.47,0.85,3.04,0.8,0.35,3
797,3.49,1.03,16.43,0.89,1.65,6
798,2.91,-0.64,12.33,0.62,1.14,6
799,5.01,2.75,0.59,1.18,1.98,3
800,2.87,1.01,9.98,0.64,1.28,6
801,3.49,-0.6,16.8,1,1.31,6
802,1.71,-4.62,18.16,0.99,0.97,6
803,0.12,0.6,0.34,0.44,0.02,1
804,4.07,3.42,5.1,0.73,1.7,4
805,3.59,4.37,6.72,0.45,1.88,5
806,4.4,4.95,2.91,0.82,1.33,3
807,3.56,10.26,18.98,0.83,1.57,6
808,6.28,3.18,2.63,0.14,1.14,2
809,7.6,2.62,1.51,0.49,1.3,3
810,2.47,0.92,7.06,0.44,1.29,4
811,3.21,2.73,15.62,0.9,1.48,6
812,-0.42,0.93,0.39,0.72,-0.07,1
813,-0.42,0.93,0.39,0.72,-0.07,1
814,2.81,1.2,0.72,0.47,0.8,1
